Press Enter to Continue!40590-64100:JACK EICHEL,40590-40036:TOMAS HERTL,40590-59207:VIKTOR ARVIDSSON,40590-9259:MIKE HOFFMAN,40590-66601:JAKE DEBRUSK,40590-61549:FRANK VATRANO,40590-8467:SHEA WEBER,40590-55607:AARON EKBLAD,40590-8292:CRAIG ANDERSON,53200,34028,3.7229e-309
40590-64100:JACK EICHEL,40590-40036:TOMAS HERTL,40590-59207:VIKTOR ARVIDSSON,40590-9259:MIKE HOFFMAN,40590-66601:JAKE DEBRUSK,40590-61549:FRANK VATRANO,40590-8467:SHEA WEBER,40590-55607:AARON EKBLAD,40590-54809:LINUS ULLMARK,53700,34028,3.25754e-309
40590-64100:JACK EICHEL,40590-40036:TOMAS HERTL,40590-59207:VIKTOR ARVIDSSON,40590-9259:MIKE HOFFMAN,40590-66601:JAKE DEBRUSK,40590-61549:FRANK VATRANO,40590-8467:SHEA WEBER,40590-55607:AARON EKBLAD,40590-8532:HENRIK LUNDQVIST,54000,34028,3.25754e-309
40590-64100:JACK EICHEL,40590-40036:TOMAS HERTL,40590-59207:VIKTOR ARVIDSSON,40590-9259:MIKE HOFFMAN,40590-66601:JAKE DEBRUSK,40590-61549:FRANK VATRANO,40590-8467:SHEA WEBER,40590-55607:AARON EKBLAD,40590-12163:SERGEI BOBROVSKY,54000,34028,3.25754e-309
40590-64100:JACK EICHEL,40590-40036:TOMAS HERTL,40590-59207:VIKTOR ARVIDSSON,40590-9259:MIKE HOFFMAN,40590-66601:JAKE DEBRUSK,40590-61549:FRANK VATRANO,40590-8467:SHEA WEBER,40590-55607:AARON EKBLAD,40590-8633:THOMAS GREISS,54300,34028,3.25754e-309
40590-64100:JACK EICHEL,40590-40036:TOMAS HERTL,40590-59207:VIKTOR ARVIDSSON,40590-9259:MIKE HOFFMAN,40590-66601:JAKE DEBRUSK,40590-61549:FRANK VATRANO,40590-8467:SHEA WEBER,40590-55607:AARON EKBLAD,40590-8553:BRIAN ELLIOTT,53500,34028,3.25754e-309
40590-64100:JACK EICHEL,40590-40036:TOMAS HERTL,40590-59207:VIKTOR ARVIDSSON,40590-9259:MIKE HOFFMAN,40590-66601:JAKE DEBRUSK,40590-61549:FRANK VATRANO,40590-8467:SHEA WEBER,40590-55607:AARON EKBLAD,40590-42868:TRISTAN JARRY,53900,34028,3.25754e-309
40590-64100:JACK EICHEL,40590-40036:TOMAS HERTL,40590-59207:VIKTOR ARVIDSSON,40590-9259:MIKE HOFFMAN,40590-66601:JAKE DEBRUSK,40590-61549:FRANK VATRANO,40590-8467:SHEA WEBER,40590-55607:AARON EKBLAD,40590-9416:BRADEN HOLTBY,54700,34028,3.25754e-309
40590-64100:JACK EICHEL,40590-40036:TOMAS HERTL,40590-59207:VIKTOR ARVIDSSON,40590-9259:MIKE HOFFMAN,40590-66601:JAKE DEBRUSK,40590-61549:FRANK VATRANO,40590-8467:SHEA WEBER,40590-55607:AARON EKBLAD,40590-8453:JAROSLAV HALAK,54400,34028,3.25754e-309
40590-64100:JACK EICHEL,40590-40036:TOMAS HERTL,40590-59207:VIKTOR ARVIDSSON,40590-9259:MIKE HOFFMAN,40590-66601:JAKE DEBRUSK,40590-61549:FRANK VATRANO,40590-8467:SHEA WEBER,40590-55607:AARON EKBLAD,40590-66744:MACKENZIE BLACKWOOD,53400,34028,3.25754e-309
40590-64100:JACK EICHEL,40590-40036:TOMAS HERTL,40590-59207:VIKTOR ARVIDSSON,40590-9259:MIKE HOFFMAN,40590-66601:JAKE DEBRUSK,40590-61549:FRANK VATRANO,40590-8467:SHEA WEBER,40590-55607:AARON EKBLAD,40590-14183:KEITH KINKAID,53600,34028,3.25754e-309
40590-64100:JACK EICHEL,40590-40036:TOMAS HERTL,40590-59207:VIKTOR ARVIDSSON,40590-9259:MIKE HOFFMAN,40590-66601:JAKE DEBRUSK,40590-61549:FRANK VATRANO,40590-8467:SHEA WEBER,40590-55607:AARON EKBLAD,40590-15268:JOHN GIBSON,54100,34028,3.25754e-309
40590-64100:JACK EICHEL,40590-40036:TOMAS HERTL,40590-59207:VIKTOR ARVIDSSON,40590-9259:MIKE HOFFMAN,40590-66601:JAKE DEBRUSK,40590-61549:FRANK VATRANO,40590-8467:SHEA WEBER,40590-55607:AARON EKBLAD,40590-15339:JORDAN BINNINGTON,54500,34028,3.25754e-309
40590-64100:JACK EICHEL,40590-40036:TOMAS HERTL,40590-59207:VIKTOR ARVIDSSON,40590-9259:MIKE HOFFMAN,40590-66601:JAKE DEBRUSK,40590-61549:FRANK VATRANO,40590-8467:SHEA WEBER,40590-55607:AARON EKBLAD,40590-8864:ROBIN LEHNER,53800,34028,3.25754e-309
40590-64100:JACK EICHEL,40590-40036:TOMAS HERTL,40590-59207:VIKTOR ARVIDSSON,40590-9259:MIKE HOFFMAN,40590-66601:JAKE DEBRUSK,40590-61549:FRANK VATRANO,40590-8467:SHEA WEBER,40590-55607:AARON EKBLAD,40590-8472:PEKKA RINNE,54500,34028,3.25754e-309
40590-64100:JACK EICHEL,40590-40036:TOMAS HERTL,40590-59207:VIKTOR ARVIDSSON,40590-9259:MIKE HOFFMAN,40590-66601:JAKE DEBRUSK,40590-61549:FRANK VATRANO,40590-8467:SHEA WEBER,40590-55607:AARON EKBLAD,40590-43033:ANTOINE BIBEAU,53200,34028,3.25754e-309
40590-64100:JACK EICHEL,40590-40036:TOMAS HERTL,40590-59207:VIKTOR ARVIDSSON,40590-9259:MIKE HOFFMAN,40590-66601:JAKE DEBRUSK,40590-61549:FRANK VATRANO,40590-8467:SHEA WEBER,40590-55607:AARON EKBLAD,40590-70251:THATCHER DEMKO,54100,34028,3.25754e-309
40590-64100:JACK EICHEL,40590-40036:TOMAS HERTL,40590-59207:VIKTOR ARVIDSSON,40590-9259:MIKE HOFFMAN,40590-66601:JAKE DEBRUSK,40590-61549:FRANK VATRANO,40590-8467:SHEA WEBER,40590-55607:AARON EKBLAD,40590-8353:JIMMY HOWARD,53200,34028,3.25754e-309
40590-64100:JACK EICHEL,40590-40036:TOMAS HERTL,40590-59207:VIKTOR ARVIDSSON,40590-9259:MIKE HOFFMAN,40590-66601:JAKE DEBRUSK,40590-61549:FRANK VATRANO,40590-8467:SHEA WEBER,40590-55607:AARON EKBLAD,40590-9278:MARTIN JONES,54300,34028,3.25754e-309
